model,da,z_statistic,p_value,p_value_holm,significant
Autoformer,0.5090617283950618,1.2157584410998963,0.1120384772123213,1.0,False
TimesNet,0.5012098765432099,0.16232197169999057,0.43552615660498417,1.0,False
LSTM,0.5005925925925926,0.07950463919999204,0.46831562087397227,1.0,False
N-HiTS,0.5001975308641975,0.026501546399992384,0.4894286500923244,1.0,False
DLinear,0.49943209876543215,-0.07619194589998556,0.5303668048473841,1.0,False
ModernTCN,0.499432098765432,-0.07619194590000788,0.530366804847393,1.0,False
TimeXer,0.4992098765432098,-0.10600618559999932,0.5422112777783125,1.0,False
iTransformer,0.49906172839506174,-0.12588234539998616,0.5500874710869186,1.0,False
PatchTST,0.49809876543209874,-0.2550773840999788,0.6006683343010688,1.0,False
