friedman_statistic,friedman_p,ff_statistic,ff_p,n_models,n_observations
22.577777777777783,0.003950808304868986,31.75000000000012,2.133444387819594e-08,9,3
