statistic,p_value
22.577777777777783,0.003950808304868986
