icc,n_models,n_seeds,f_statistic,f_p_value
0.9218866536218325,9,3,36.40572884275375,7.741838836672343e-09
