factor,variance_explained
Model,0.9403358965646974
Seed,0.008005426273460247
Residual,0.051658677161842324
