stouffer_z,stouffer_p,n_assets
2.03876872195286,0.0207365576790286,1
