model,rmse_mean,mae_mean
Autoformer,179.6648880393363,136.2400036421473
DLinear,123.79552018892966,90.66748578353368
LSTM,1548.5551771423052,1478.2080150322868
ModernTCN,110.89222496611177,76.09095795167828
N-HiTS,135.00985841009955,101.04304686082659
PatchTST,111.71235107845132,77.0376235804676
TimeXer,114.09460957887934,79.19439340050658
TimesNet,172.9770218157594,131.6104170172165
iTransformer,113.72138057796305,79.12781796256262
