friedman_statistic,friedman_p,ff_statistic,ff_p,n_models,n_observations
60.39999999999998,3.89030868180143e-10,117.44444444444366,1.1102230246251565e-16,9,8
