statistic,p_value
22.933333333333337,0.0034509012924132674
