model,rmse_mean,rmse_std,mae_mean,mae_std,mse_mean,mse_std,smape_mean,smape_std,directional_accuracy_mean,directional_accuracy_std
Autoformer,0.03453345776080041,0.0002740236103211677,0.02520803124139819,0.0002801950089346322,0.001192634793856,1.8884121671072693e-05,4.339362167464892,0.05282837875955207,49.5133655394525,0.24591517907093788
DLinear,0.021026159730525153,8.96384268087994e-05,0.013430852206095571,7.486392494640799e-05,0.0004421074280611182,3.7671356089597704e-06,2.281997818514956,0.011262015550453874,49.796779388083735,0.1425774752827421
iTransformer,0.020761886747294452,0.0001594110464449542,0.013520620726149376,0.0001519368665572822,0.00043108135318920964,6.637178447501787e-06,2.313270535575281,0.025326739951953094,50.739774557165866,0.4736003724509997
LSTM,0.02183300729360144,0.0016405128759620488,0.014506671955125198,0.0014535698086204983,0.00047937148997865094,7.352725426662082e-05,2.4352027981048927,0.17967447502319972,50.41932367149758,0.2521510839179966
ModernTCN,0.02057972709005805,9.144146772680265e-05,0.013309491182591672,5.439860155474172e-05,0.00042353352864328927,3.7620000943324603e-06,2.282180018319066,0.013914604703980604,49.95233494363929,0.08558348206223385
N-HiTS,0.021166331056745757,0.0005561059889257426,0.014015764183725203,0.0004922182004464075,0.0004483228242746792,2.3713088614822374e-05,2.3957296452910644,0.05898955402421637,49.688566827697265,1.0062118385938796
PatchTST,0.020382109937899195,0.00011656706795432698,0.013075568003264657,0.00011119261405929654,0.0004154439934019405,4.750049731232788e-06,2.2384024816014176,0.02195995069279443,49.874074074074066,0.1399251176016649
TimesNet,0.02520404879547174,0.001368526199865746,0.016904023958733607,0.0009759407459647099,0.0006371169396442393,7.027309649739998e-05,2.888698796130433,0.17437993177064173,51.24412238325282,0.6830365899038898
TimeXer,0.02076766480048176,7.88099984921823e-05,0.01332612884915191,5.5539595174408426e-05,0.00043130211228103126,3.276247727470618e-06,2.277947112002911,0.009726123880164167,49.822544283413855,0.1796691611420621
