model,da,z_statistic,p_value,p_value_holm,significant
Autoformer,0.5041578099838969,0.5578287456912493,0.28848066577335973,1.0,False
DLinear,0.5019549114331724,0.26227889127390014,0.3965532174310117,1.0,False
TimeXer,0.5008212560386474,0.11018305976086089,0.4561320984098214,1.0,False
ModernTCN,0.5004895330112722,0.06567774542608751,0.4738171953635498,1.0,False
LSTM,0.5003832528180354,0.0514187612217331,0.47949591762696475,1.0,False
N-HiTS,0.5002898550724637,0.03888813873911861,0.4844897866658735,1.0,False
iTransformer,0.4991819645732689,-0.1097509693304259,0.543696561573648,1.0,False
PatchTST,0.49917552334943643,-0.11061515019128842,0.544039233449566,1.0,False
TimesNet,0.49656360708534614,-0.46104048927388025,0.6776152218304289,1.0,False
