friedman_statistic,friedman_p,ff_statistic,ff_p,n_models,n_observations
20.97777777777779,0.007206695736359113,13.882352941176528,7.311408529497854e-06,9,3
