statistic,p_value
20.97777777777779,0.007206695736359113
