icc,n_models,n_seeds,f_statistic,f_p_value
0.9894684175194548,9,3,282.8574756492524,9.992007221626409e-16
