factor,variance_explained
Model,0.9919662723589576
Seed,0.0010198329572827338
Residual,0.007013894683759645
