stouffer_z,stouffer_p,n_assets
1.0539397385001847,0.14595525387647112,1
