model,da,z_statistic,p_value,p_value_holm,significant
Autoformer,0.5105679012345679,1.4178327323998605,0.07811980264264906,0.7030782237838415,False
N-HiTS,0.5032592592592593,0.4372755155999637,0.33095577488639427,1.0,False
TimesNet,0.5028148148148148,0.3776470361999659,0.3528464089536515,1.0,False
ModernTCN,0.500641975308642,0.08613002579999014,0.46568152758490156,1.0,False
LSTM,0.49920987654320986,-0.10600618559999188,0.5422112777783095,1.0,False
DLinear,0.4957283950617284,-0.573095940899947,0.7167101322749193,1.0,False
TimeXer,0.49501234567901237,-0.6691640465999342,0.7483045809095098,1.0,False
iTransformer,0.4949876543209876,-0.6724767398999407,0.7493598784537694,1.0,False
PatchTST,0.49288888888888893,-0.9540556703999046,0.8299722682485664,1.0,False
