friedman_statistic,friedman_p,ff_statistic,ff_p,n_models,n_observations
23.37777777777778,0.0029116176626225207,75.14285714285742,3.140443460836195e-11,9,3
