statistic,p_value
23.37777777777778,0.0029116176626225207
