icc,n_models,n_seeds,f_statistic,f_p_value
0.9570819975761168,9,3,67.9007370000649,6.859879331244656e-11
