factor,variance_explained
Model,0.9678882671876289
Seed,0.003602814943432392
Residual,0.02850891786893876
