stouffer_z,stouffer_p,n_assets
1.3195286648076294,0.09349621677521558,1
