stouffer_z,stouffer_p,n_assets
1.0986122886681096,0.13596860764142438,1
