model,da,z_statistic,p_value,p_value_holm,significant
PatchTST,0.5049135802469136,0.6592259666999372,0.25487533736488843,1.0,False
iTransformer,0.5028148148148148,0.3776470361999659,0.3528464089536515,1.0,False
TimeXer,0.502,0.268328157299975,0.3942233671322354,1.0,False
DLinear,0.5008888888888889,0.11925695879999551,0.4525358909893882,1.0,False
N-HiTS,0.49930864197530866,-0.09275541239998823,0.5369510630070355,1.0,False
TimesNet,0.4992098765432098,-0.10600618559999932,0.5422112777783125,1.0,False
ModernTCN,0.49891358024691357,-0.1457585051999879,0.5579439829863375,1.0,False
LSTM,0.4977283950617284,-0.304767783599972,0.6197284900563333,1.0,False
Autoformer,0.4933827160493828,-0.8878018043999086,0.8126763139203164,1.0,False
