statistic,p_value
23.822222222222223,0.0024544400320494417
