friedman_statistic,friedman_p,ff_statistic,ff_p,n_models,n_observations
23.822222222222223,0.0024544400320494417,268.00000000000097,1.4432899320127035e-15,9,3
