icc,n_models,n_seeds,f_statistic,f_p_value
0.9980085849249127,9,3,1504.466450681335,1.1102230246251565e-16
