factor,variance_explained
Model,0.9986632602922192
Seed,9.141794460855588e-06
Residual,0.0013275979133200002
