stouffer_z,stouffer_p,n_assets
1.831780823064824,0.0334920407241186,1
