model,rmse_mean,rmse_std,mae_mean,mae_std,mse_mean,mse_std,smape_mean,smape_std,directional_accuracy_mean,directional_accuracy_std
Autoformer,0.5052862503645716,0.0009549154093603166,0.3654892159277588,0.0009541469977773178,0.2553151066709276,0.0009652829156583993,0.24321366343167336,0.0006332171960101724,49.33827160493828,0.060883101263890016
DLinear,0.29267093118801796,0.01123450038163282,0.2070291995221699,0.012382204612460795,0.08578248796128646,0.00663904273232336,0.13774289632186984,0.008182089671445049,50.088888888888896,0.2203210858884375
iTransformer,0.26742845015062144,0.0007899179743076752,0.18070058580527015,0.0003255931461070531,0.07151859992036953,0.0004228384794630961,0.12027397511611437,0.00021772172453768447,50.28148148148148,0.33330589736198873
LSTM,11.697218420432927,0.3114705253858511,11.388353881672098,0.31416915164444403,136.92193266349952,7.354427839610345,7.815931154656734,0.22517125231593854,49.772839506172836,0.3750486428848889
ModernTCN,0.2559709342160556,0.0013940833466314603,0.17252880222289516,0.0008759269587598084,0.06552306263181762,0.0007137649636628807,0.11483808498504715,0.0005878955621844973,49.89135802469136,0.09453920848926654
N-HiTS,0.8863960870553195,0.23421793402772229,0.7846990899505683,0.24369331550299594,0.8405560637671959,0.38003424083736775,0.5188302059161533,0.16106860938902423,49.930864197530866,0.5649520847832155
PatchTST,0.258803035657758,0.0006272895424653171,0.1752732286469878,0.0010415385764200365,0.06697940475784082,0.0003245081237950707,0.11668251609304152,0.0007079227725253573,50.49135802469136,0.5043689627663873
TimesNet,0.5443741818431796,4.628544952139602e-05,0.39597874789262705,0.00015486360409100298,0.2963432519997741,5.039318186463473e-05,0.26354433843446956,0.00010413722479545,49.92098765432098,0.4260100113815256
TimeXer,0.28353558231459225,0.0011850682177423034,0.19237484423590523,0.0016945785238047972,0.08039383082515562,0.0006710255536386855,0.1280669699224951,0.0011333593538785445,50.199999999999996,0.22573357527189106
