friedman_statistic,friedman_p,ff_statistic,ff_p,n_models,n_observations
156.48888888888894,8.666304294905031e-30,101.3554443053819,1.1102230246251565e-16,9,24
