model,mean_rank,median_rank
ModernTCN,1.3333333333333333,1.0
PatchTST,2.0,2.0
iTransformer,3.6666666666666665,3.0
TimeXer,4.291666666666667,4.0
DLinear,4.958333333333333,5.0
N-HiTS,5.25,6.0
TimesNet,7.708333333333333,8.0
Autoformer,7.833333333333333,8.0
LSTM,7.958333333333333,9.0
