category,horizon,jt_statistic,p_value,n_groups,n_models
crypto,4,0.3481553119113957,0.3638617733347751,3,36
crypto,24,-0.3481553119113957,0.6361382266652249,3,36
forex,4,0.37716825457067865,0.35302428515280093,3,36
forex,24,-0.29012942659282975,0.6141413878272381,3,36
indices,4,-1.247556534349168,0.8939032477482586,3,36
indices,24,-1.4796600756234317,0.9305180073436083,3,36
