stouffer_z,stouffer_p,n_assets
6.167548073714795,3.467851561467228e-10,12
