model,da,z_statistic,p_value,p_value_holm,significant
TimesNet,0.5102512077294685,1.3753438400737739,0.0845124355210638,0.7606119196895742,False
iTransformer,0.5046537842190016,0.6243706719782067,0.2661920905489903,1.0,False
TimeXer,0.5032141706924316,0.43122624957387395,0.33315193462508685,1.0,False
PatchTST,0.5019967793880837,0.26789606686954004,0.3943896606328764,1.0,False
ModernTCN,0.4998615136876006,-0.01857988850869679,0.5074118766436997,1.0,False
DLinear,0.49838003220611915,-0.2173414865086769,0.5860288859222145,1.0,False
Autoformer,0.495938808373591,-0.5448660327782072,0.7070771703350879,1.0,False
N-HiTS,0.4957133655394525,-0.5751123629086411,0.71739234634995,1.0,False
LSTM,0.4947890499194847,-0.6991223164434139,0.7577622034637619,1.0,False
