icc,n_models,n_seeds,f_statistic,f_p_value
0.9986934012257571,9,3,2294.037665991403,1.1102230246251565e-16
