factor,variance_explained
Model,0.999027763181902
Seed,0.00010125917200923516
Residual,0.0008709776460887596
