stouffer_z,stouffer_p,n_assets
1.3907388348285135,0.08215231838699721,1
