model,da,z_statistic,p_value,p_value_holm,significant
LSTM,0.5063456790123457,0.8513621780999266,0.19728409744996667,1.0,False
PatchTST,0.5044197530864196,0.5929721006999263,0.2765999118377207,1.0,False
Autoformer,0.5033827160493828,0.45383898209996637,0.3249723619474637,1.0,False
DLinear,0.5033333333333334,0.4472135954999683,0.3273604230092848,1.0,False
N-HiTS,0.5014074074074074,0.18882351809998296,0.4251155693148361,1.0,False
TimesNet,0.501358024691358,0.18219813149998487,0.42771361964983146,1.0,False
ModernTCN,0.5006666666666667,0.08944271909999664,0.4643650372823993,1.0,False
TimeXer,0.49943209876543215,-0.07619194589998556,0.5303668048473841,1.0,False
iTransformer,0.4991851851851852,-0.10931887889999092,0.5435252134315797,1.0,False
