statistic,p_value
21.866666666666674,0.005168947971591111
