icc,n_models,n_seeds,f_statistic,f_p_value
0.9657085853818288,9,3,85.48545469484039,1.1574297076322182e-11
