factor,variance_explained
Model,0.9741766750771315
Seed,0.0030316891164108547
Residual,0.02279163580645765
