model,da,z_statistic,p_value,p_value_holm,significant
Autoformer,0.5025668276972625,0.3443760730564872,0.3652817402985048,1.0,False
DLinear,0.5013397745571658,0.17974961906084835,0.4286745687142195,1.0,False
LSTM,0.5007858293075684,0.10543006502607609,0.458017280279554,1.0,False
N-HiTS,0.5006505636070853,0.08728226694780683,0.4652235745737857,1.0,False
TimesNet,0.5004476650563606,0.06006056983041785,0.4760536969793038,1.0,False
ModernTCN,0.5002705314009662,0.03629559615652361,0.48552333069291664,1.0,False
TimeXer,0.49968438003220605,-0.042344862182613366,0.516888108755954,1.0,False
iTransformer,0.4991980676328502,-0.10759051717825845,0.542839740240145,1.0,False
PatchTST,0.49769082125603864,-0.30980883862171094,0.6216468350747378,1.0,False
