icc,n_models,n_seeds,f_statistic,f_p_value
0.9881484127053262,9,3,251.1306503853874,2.4424906541753444e-15
