factor,variance_explained
Model,0.9910813959309278
Seed,0.001025649589720311
Residual,0.007892954479351824
