model,da,z_statistic,p_value,p_value_holm,significant
PatchTST,0.5058765432098766,0.7884210053999372,0.215225244054722,1.0,False
ModernTCN,0.5044938271604937,0.602910180599931,0.2732842214886395,1.0,False
Autoformer,0.5039259259259259,0.5267182346999454,0.29919463542798486,1.0,False
N-HiTS,0.5007407407407407,0.09938079899998634,0.46041796373155286,1.0,False
DLinear,0.500320987654321,0.04306501289999507,0.48282485453628676,1.0,False
LSTM,0.5002962962962964,0.03975231960000347,0.4841452948022862,1.0,False
TimesNet,0.49851851851851847,-0.19876159799998755,0.5787753815317943,1.0,False
TimeXer,0.496,-0.53665631459995,0.7042474815025419,1.0,False
iTransformer,0.492962962962963,-0.9441175904999074,0.8274452193583417,1.0,False
