statistic,p_value
21.066666666666677,0.006972428345982324
