friedman_statistic,friedman_p,ff_statistic,ff_p,n_models,n_observations
21.066666666666677,0.006972428345982324,14.363636363636422,5.822175882630454e-06,9,3
