icc,n_models,n_seeds,f_statistic,f_p_value
0.9965751106366184,9,3,873.9407039758892,1.1102230246251565e-16
