factor,variance_explained
Model,0.9974854457884359
Seed,0.00023182395023056652
Residual,0.0022827302613335192
