model,rmse_mean,rmse_std,mae_mean,mae_std,mse_mean,mse_std,smape_mean,smape_std,directional_accuracy_mean,directional_accuracy_std
Autoformer,160.82043750045034,12.173107789758216,121.23123493353437,9.28662766336985,26011.397671097322,3854.1816183137094,3.4535984412415046,0.2598778384959103,50.10209339774557,0.07686002315079898
DLinear,93.69278391337973,0.189544680177945,62.903572321296686,0.20041805958427758,8778.373684625049,35.51734329649511,1.7872368490030421,0.0055318322703885635,50.12528180354267,0.1459615999178685
iTransformer,95.34311674502754,0.34278047535135303,64.74271381495736,0.424845939572167,9090.427409110232,65.28073893302115,1.8372053216097017,0.010265969961544642,50.3829307568438,0.07484164381559276
LSTM,94.03877533408864,0.935002925425259,64.21535114176561,1.3884338617756853,8844.16549680575,175.28442219337188,1.8169284017764482,0.03384540107478137,49.96231884057971,0.08668054255145846
ModernTCN,93.67003436401497,0.917815247692986,62.484625338702564,0.7628714402696535,8774.917722584645,172.30801471302559,1.7745367699253354,0.022082553999621606,49.994847020933975,0.02749052152382846
N-HiTS,92.32748793703156,0.3183735525435903,62.09313672735835,0.07453279129726105,8524.466390481668,58.736418559331725,1.761835690020696,0.0022921971422106935,49.79484702093398,0.14814744801346888
PatchTST,93.3855589084519,0.5809069430775898,62.71281366389682,0.5048650917924598,8721.200065520456,108.72483316387647,1.781504912129822,0.013280521049127818,50.01996779388083,0.03983937295496876
TimesNet,106.54115474748237,2.6717560032200445,75.01642592985536,2.1418014742910048,11358.155935067722,574.347577242082,2.124206486281006,0.0610335174591271,50.074074074074076,0.15725822897534497
TimeXer,94.69071646088203,0.466398765892189,63.580490835876425,0.4747554205667218,8966.549311683983,88.46088952298422,1.8016630940799239,0.011728144400682297,50.2219001610306,0.09294241834353956
