horizon,best_model,rmse
4,N-HiTS,41.10120948777284
24,N-HiTS,92.32748793703156
