model,da,z_statistic,p_value,p_value_holm,significant
DLinear,0.50114653784219,0.1538241932347643,0.4388741787122846,1.0,False
iTransformer,0.5004283413848631,0.057468027247822843,0.4770861872808221,1.0,False
ModernTCN,0.5004122383252818,0.05530757509564793,0.4779467136759481,1.0,False
PatchTST,0.5002222222222222,0.029814239699998878,0.4881076010886185,1.0,False
TimeXer,0.5002028985507246,0.027221697117388984,0.4891414551600709,1.0,False
N-HiTS,0.49962640901771344,-0.0501224899304207,0.5199876110561106,1.0,False
TimesNet,0.499549114331723,-0.06049266026086772,0.5241183692952835,1.0,False
LSTM,0.49943961352657007,-0.07518373489564222,0.5299657373015803,1.0,False
Autoformer,0.49657326892109493,-0.4597442179825753,0.6771500866673217,1.0,False
