statistic,p_value
20.355555555555554,0.009071393193482616
