friedman_statistic,friedman_p,ff_statistic,ff_p,n_models,n_observations
20.355555555555554,0.009071393193482616,11.170731707317069,3.0222030976023717e-05,9,3
