icc,n_models,n_seeds,f_statistic,f_p_value
0.9992108303653671,9,3,3799.464055818447,1.1102230246251565e-16
