factor,variance_explained
Model,0.9994355246430119
Seed,3.8382460748069004e-05
Residual,0.000526092896240036
