model,rmse_mean,rmse_std,mae_mean,mae_std,mse_mean,mse_std,smape_mean,smape_std,directional_accuracy_mean,directional_accuracy_std
Autoformer,58.41006511774484,0.3243165200736312,45.82030687215408,0.49557225552986484,3411.8408882643866,37.95699657316405,0.7062910335379152,0.008088390641365614,49.95265700483092,0.5276441644289022
DLinear,38.62205787812682,0.4077117366633372,28.561937178801315,0.594448385775161,1491.8295836015905,31.598249657494513,0.439402122656966,0.008965204534834582,49.923027375201286,0.10059863706462696
iTransformer,36.522290993421,0.2250391754109757,25.711393446165953,0.211551336728627,1333.9283820385906,16.464001977288167,0.3966018884186677,0.0031740762033552715,50.3487922705314,0.1672530467500677
LSTM,394.9852881819627,10.628045712078723,370.8315412876318,11.370594444598837,156126.3332358461,8401.857816729535,5.775702214156946,0.1852149170385461,50.13172302737521,0.22214426040314073
ModernTCN,35.91006046924806,0.26710158845070286,25.090287445906082,0.22441924691477033,1289.603786163605,19.13343476280528,0.386439476412829,0.0034981818063820683,50.11723027375201,0.11065883820898066
N-HiTS,36.744017136197094,0.49465245507631134,26.07476824388758,0.46229676122491753,1350.3674763564588,36.39623643180616,0.401333669581444,0.007010586360897937,50.223188405797096,0.823284791708092
PatchTST,35.91106129845875,0.16638295663034353,25.1238430252421,0.12387788837330517,1289.6320068699185,11.939870937966665,0.3869864279443101,0.001971310049194792,50.18582930756844,0.09147445011826676
TimesNet,60.8513945095967,0.06910567138072728,48.92248729951293,0.06360121416437271,3702.896989356392,8.411178342381545,0.7555835183263228,0.0010091656224805348,49.68631239935588,0.45528837360964475
TimeXer,36.30951290098199,0.15315875485190442,25.517904450765524,0.10333441279556299,1318.4041847107658,11.125076739967755,0.3933092581877908,0.0015409385228593686,50.56650563607085,0.13398597148707148
