model,da,z_statistic,p_value,p_value_holm,significant
iTransformer,0.503829307568438,0.5137555217869109,0.30371146422640805,1.0,False
TimeXer,0.502219001610306,0.2977103065695389,0.3829621382168741,1.0,False
DLinear,0.5012528180354267,0.1680831774391038,0.433258921760588,1.0,False
Autoformer,0.5010209339774557,0.1369726664478149,0.4455262002309206,1.0,False
TimesNet,0.5007407407407407,0.09938079899998634,0.46041796373155286,1.0,False
PatchTST,0.5001996779388083,0.026789606686939107,0.48931377145334887,1.0,False
ModernTCN,0.49994847020933975,-0.006913446886959716,0.5027580442960354,1.0,False
LSTM,0.4996231884057971,-0.05055458036086313,0.5201597719331075,1.0,False
N-HiTS,0.4979484702093398,-0.2752416041869273,0.6084346873326725,1.0,False
