statistic,p_value
20.8888888888889,0.007448516197924887
