friedman_statistic,friedman_p,ff_statistic,ff_p,n_models,n_observations
20.8888888888889,0.007448516197924887,13.428571428571484,9.11785713464397e-06,9,3
