icc,n_models,n_seeds,f_statistic,f_p_value
0.9456140899009525,9,3,53.16134591728645,4.4666448317798313e-10
