factor,variance_explained
Model,0.9615085581929265
Seed,0.002318220772041019
Residual,0.03617322103503248
