model,rmse_mean,rmse_std,mae_mean,mae_std,mse_mean,mse_std,smape_mean,smape_std,directional_accuracy_mean,directional_accuracy_std
Autoformer,0.017305045514451306,0.0005723384286989947,0.011948449484609838,0.000664951370397903,0.00029979217153419695,1.989785400524832e-05,2.084238263572796,0.13675293798218002,50.08148148148148,0.24753009451559527
DLinear,0.009214668524814944,3.3906788846705816e-05,0.005735821252434611,1.706261128927608e-05,8.491126569254511e-05,6.247182086399046e-07,0.9857494661056426,0.00014554283250292976,49.56049382716049,2.4079606834942453
iTransformer,0.009372926319665485,2.151763375474826e-05,0.005848149144704165,2.8172390024741806e-05,8.78522108024404e-05,4.0355042673698933e-07,1.0071658153185827,0.005595440414438702,49.9604938271605,0.6470172379491338
LSTM,0.011467395390700035,0.0009898566884486357,0.008020907204392492,0.0008689899209509207,0.00013248097331031492,2.2200767911064632e-05,1.3934351241385297,0.10845860970392708,49.17530864197531,2.8355850543077343
ModernTCN,0.00917315058091791,3.5974409038268065e-05,0.005712172325722381,3.6155899716468424e-05,8.414798573830025e-05,6.591097998549246e-07,0.9824805032827829,0.0065406671112152375,49.760493827160495,0.7392660217245131
N-HiTS,0.009085982182271237,2.1729877952275572e-05,0.005715953399230054,7.0917175410713695e-06,8.25555444041462e-05,3.947038871624618e-07,0.9874538274952614,0.0012592897270038233,49.87901234567901,1.8697342356263336
PatchTST,0.009128964850574853,7.193932895807121e-05,0.005655593089622435,3.613685167783483e-05,8.334317451008209e-05,1.3160873089045644e-06,0.9722431719948658,0.0062021662557678724,50.68888888888889,0.09733532515766606
TimesNet,0.00973888004731246,8.103929363163109e-05,0.006075272515857645,6.147098260858809e-05,9.485235194305304e-05,1.5784698093351894e-06,1.042933556546215,0.009597916007982698,52.14074074074074,1.8543489337211296
TimeXer,0.009481850081828338,3.304637819106499e-05,0.005888704511937701,2.265925398596729e-05,8.990657303737961e-05,6.274431033530143e-07,1.011349525427964,0.004417312062062551,50.800000000000004,2.1166096899971123
