model,da,z_statistic,p_value,p_value_holm,significant
Autoformer,0.5007697262479871,0.10326961287390117,0.45887449603063746,1.0,False
N-HiTS,0.4998099838969404,-0.025493335395649058,0.5101692678274535,1.0,False
TimesNet,0.4998035426731079,-0.026357516256519022,0.5105139102587206,1.0,False
LSTM,0.49902415458937205,-0.13092340042171768,0.5520820484232534,1.0,False
ModernTCN,0.49888888888888894,-0.1490711984999795,0.5592512739044906,1.0,False
DLinear,0.49773268921095004,-0.30419166302606365,0.6195090619880249,1.0,False
TimeXer,0.496280193236715,-0.49906444715212145,0.691133008553873,1.0,False
iTransformer,0.4955587761674718,-0.5958527035695128,0.7243631841400737,1.0,False
PatchTST,0.4945829307568439,-0.726776103991223,0.7663184380743016,1.0,False
