friedman_statistic,friedman_p,ff_statistic,ff_p,n_models,n_observations
20.177777777777777,0.009683982110106957,10.558139534883718,4.3240639551411775e-05,9,3
