statistic,p_value
20.177777777777777,0.009683982110106957
