icc,n_models,n_seeds,f_statistic,f_p_value
0.9939838157528091,9,3,496.65494086236725,1.1102230246251565e-16
