factor,variance_explained
Model,0.995380565795756
Seed,0.0006110956822618606
Residual,0.0040083385219822016
