model,da,z_statistic,p_value,p_value_holm,significant
DLinear,0.5014567901234568,0.19544890469998105,0.4225207671715544,1.0,False
iTransformer,0.5006172839506173,0.08281733249999854,0.4669983935647657,1.0,False
TimesNet,0.5004197530864197,0.056315786099991265,0.47754512165133123,1.0,False
N-HiTS,0.4998765432098765,-0.016563466500002687,0.5066075649663115,1.0,False
ModernTCN,0.4992345679012346,-0.10269349229998538,0.540896880634931,1.0,False
TimeXer,0.4987160493827161,-0.17226005159998029,0.5683834554814684,1.0,False
LSTM,0.4984938271604938,-0.2020742912999866,0.5800706770855785,1.0,False
PatchTST,0.4965432098765432,-0.46377706199995605,0.6785962604929543,1.0,False
Autoformer,0.4964197530864197,-0.4803405284999588,0.6845073625460122,1.0,False
