friedman_statistic,friedman_p,ff_statistic,ff_p,n_models,n_observations
21.42222222222223,0.006106505694925035,16.62068965517248,2.163737022886636e-06,9,3
