statistic,p_value
21.42222222222223,0.006106505694925035
