icc,n_models,n_seeds,f_statistic,f_p_value
0.9668102330475015,9,3,88.38930596571028,8.931300143899534e-12
