factor,variance_explained
Model,0.9744179545600519
Seed,0.003533723102446189
Residual,0.022048322337501907
