stouffer_z,stouffer_p,n_assets
0.8353407688374095,0.20176293452491068,1
