stouffer_z,stouffer_p,n_assets
1.5677471079645746,0.05847008152194655,1
