model,rmse_mean,rmse_std,mae_mean,mae_std,mse_mean,mse_std,smape_mean,smape_std,directional_accuracy_mean,directional_accuracy_std
Autoformer,18.956559940992417,0.561437432262629,12.210617286817525,0.2764980852180243,359.66637678678416,21.06801129832845,1.289103899859776,0.026705876793004176,51.056790123456786,0.9057320554764728
DLinear,10.270020182679675,0.031121997132676715,6.406117709959401,0.07393710389938912,105.47428313135339,0.638707842802226,0.6761605093009408,0.008085711177633943,49.57283950617284,0.2496881151645841
iTransformer,10.415010700350821,0.03674167513021856,6.479491644774886,0.061545444705370836,108.47379783911352,0.7661322923695284,0.6832516628809698,0.006369084080267881,49.498765432098764,0.4834842802308055
LSTM,62.38612742866692,8.819319041477495,47.891010099219024,8.608956798368117,3969.8092839012347,1155.3961538047292,4.93803582470792,0.9486925111668412,49.92098765432099,0.2130908544236176
ModernTCN,10.170301266366303,0.01350426756916768,6.326200833712264,0.046086928495691765,103.4352102138946,0.2746513647787941,0.6676060570168362,0.005109128697144936,50.06419753086419,0.23921326113151611
N-HiTS,10.8361393736076,0.35075263164111514,6.810324632428603,0.07212771832229077,117.54494393285204,7.674557337096101,0.7153220566908853,0.010442856697959602,50.32592592592593,0.16374671241075786
PatchTST,10.277782135968403,0.02169544545908202,6.340452365875193,0.018929232126123983,105.6332763267849,0.44576315909738246,0.6687871008552465,0.0019706826395841253,49.28888888888889,0.20802377550445203
TimesNet,11.075128981144118,0.046109379230697675,6.900958146634643,0.04882301204259193,122.6606080238314,1.0226745462240625,0.727560816065662,0.004418323856310978,50.281481481481485,0.3067298795707567
TimeXer,10.597563511969904,0.05906223355774031,6.577247449401732,0.06701487729302802,112.31184073766872,1.251402558250057,0.6936004674773715,0.006890310317049301,49.501234567901236,0.13796261772542306
