model,rmse_mean,rmse_std,mae_mean,mae_std,mse_mean,mse_std,smape_mean,smape_std,directional_accuracy_mean,directional_accuracy_std
Autoformer,410.6565782869331,21.67464956428296,317.1989656072197,17.925749129965844,169108.61572406645,17543.424273281853,0.6920358391508706,0.039416698589372814,50.25668276972625,0.2694299331350964
DLinear,279.1485032279452,23.233400023342696,208.10530501346602,22.18353714164967,78463.67773104679,13343.19252951556,0.45352573800103996,0.0484319194804836,50.13397745571658,0.21976423057671898
iTransformer,258.3714701489832,0.5937851812218811,185.22594269558195,0.3112017889192215,66756.16916778834,306.97855627117104,0.4038467461401343,0.0007362983119484701,49.91980676328502,0.09389727043278438
LSTM,1688.4710327435384,121.39451479978837,1522.9957237766291,128.12475673725555,2865671.056637507,402267.2367560519,3.3171067271022685,0.2874434140525235,50.078582930756845,0.04151467451033247
ModernTCN,249.4968885809426,1.8724955913950803,176.17971754255817,1.974883977619237,62252.20365131109,934.7061261213947,0.38409154143663865,0.004311706939016817,50.02705314009662,0.08117092166032368
N-HiTS,255.93406770420643,6.534001534668991,188.26754539944295,7.970264441228541,65544.94018767636,3336.1994014391803,0.4100943108747431,0.017166955713216202,50.06505636070853,0.1001491208726213
PatchTST,252.20188953805044,1.167751885875806,178.9331925818685,1.6859372136213793,63607.156731029965,588.4475580943657,0.390123140495354,0.0036656057267311077,49.769082125603866,0.07672495341484899
TimesNet,431.36816778209385,0.8907485933981223,336.8879582941007,0.8859414064228932,186079.28960873725,768.1868741406705,0.7359709168512211,0.0019566348396584453,50.04476650563606,0.20073120992138835
TimeXer,258.31686582031887,0.2259410431000911,184.64662644234852,0.5000972380625959,66727.65421658759,116.75830803089583,0.4025862138947463,0.0010252760224408611,49.968438003220605,0.438041345314349
