model,rmse_mean,mae_mean
Autoformer,0.2067971083693511,0.15507053426536094
DLinear,0.12785381885520394,0.09403959789671909
LSTM,3.667889753874996,3.5857672744066225
ModernTCN,0.10978343191192225,0.07499475986743266
N-HiTS,0.23557953046704344,0.19768720796221878
PatchTST,0.11082958428916961,0.07611961193422018
TimeXer,0.11737659348693937,0.08151215238468282
TimesNet,0.2126616668697946,0.15957082841009965
iTransformer,0.11358471769540088,0.07846142076229992
