model,rmse_mean,rmse_std,mae_mean,mae_std,mse_mean,mse_std,smape_mean,smape_std,directional_accuracy_mean,directional_accuracy_std
Autoformer,1284.9196930411852,171.31153410336634,918.5658424765666,102.03596328168422,1680366.2592819023,419494.19192848366,0.9396453790978355,0.10495921267200711,50.39259259259259,0.6448274723798628
DLinear,772.0197754241614,7.9549499761124105,527.6713593859621,6.777840517128975,596077.8148750952,12322.667312465961,0.5372280066404579,0.006866975369749615,50.0320987654321,0.13928202248069627
iTransformer,743.4825696027464,1.8177289941126302,494.58252067618815,0.3999564588182074,552769.6354417986,2703.4457735999363,0.5054453439905179,0.000413671630110728,49.2962962962963,0.19663376535372248
LSTM,8029.8868875860835,126.05194664182436,6747.394708101497,139.93816525283927,64494972.52067912,2021202.6547551337,6.498813542727262,0.1481087330243842,50.02962962962963,0.0
ModernTCN,731.628464413851,7.673634102268078,484.8755884367785,5.225935461055822,535339.0946009052,11269.239255420767,0.4952447510313089,0.0052541260842079085,50.44938271604938,0.765137338705436
N-HiTS,930.460358212509,266.3682368313792,670.1554300626234,236.3163996237818,936708.5157976084,545845.9325546232,0.6613396341645774,0.21143391169681802,50.074074074074076,0.057695414545912926
PatchTST,731.0509462982372,4.434779457436475,483.4133589150769,2.1844051632903776,534455.1533523843,6471.030937765753,0.4938604657040509,0.002148148747051445,50.58765432098766,0.24360749598855413
TimesNet,793.5533939620524,8.150507739442443,537.7118623330831,8.088321011052654,629793.4198451029,12925.35708762587,0.549377131040912,0.00846372365646628,49.85185185185185,0.24101598700073854
TimeXer,750.3023669562813,2.4723825990944612,503.27775822684225,3.383746114210207,562959.7545359144,3714.287444129963,0.5139098443723423,0.00338701950781961,49.6,0.4025070042019639
