model,rmse_mean,rmse_std,mae_mean,mae_std,mse_mean,mse_std,smape_mean,smape_std,directional_accuracy_mean,directional_accuracy_std
Autoformer,82.85868064903138,2.6346664132381923,59.75783598290349,3.064298721820233,6872.502426007214,432.4248041402059,1.705763422482259,0.09116179095859171,50.12345679012346,0.8011042523711882
DLinear,44.05932271615495,2.728893035790103,29.162641033127453,2.362953001141272,1948.670775407071,245.7317733606774,0.8295919578167251,0.06646482615688162,49.617283950617285,0.34140211355491556
iTransformer,42.38327536877335,0.08060552183292423,27.491580016152714,0.2072838560916661,1796.3485282354193,6.830898184751901,0.783953041400428,0.005940464376836683,49.58271604938272,0.2359026353085687
LSTM,45.56426323305357,2.708759629417834,30.831134349605872,2.5124983320639447,2083.439462700962,251.30626118402034,0.8676610262965299,0.059052850199748416,49.8074074074074,0.1414536848138522
ModernTCN,41.21146442180975,0.05667810916742067,26.440590892275335,0.08998850407878836,1698.3880121981501,4.670529196048696,0.7538723418603421,0.0024737613740121907,49.87654320987654,1.033367995052686
N-HiTS,41.10120948777284,0.30878098690019357,26.54942511544589,0.38618184269608313,1689.4047670556592,25.449953850348663,0.7560359405380789,0.009281810250107098,49.91851851851852,0.19719106575902898
PatchTST,41.592708495310696,0.13080171870008597,26.825206699047786,0.22851707455516357,1729.970509065506,10.881520828474487,0.7649329579627411,0.006584201212639814,49.69629629629629,0.3906076070659161
TimesNet,44.19999476990153,0.32931511845811384,29.1101612390032,0.3362414914173171,1953.7479861065674,29.04590236140597,0.8297721607175852,0.009320973257774265,50.00987654320988,0.25669513912824066
TimeXer,42.83005198548483,0.0720982989022508,27.782469445605653,0.0634895520108129,1834.4185512440374,6.1723146161549245,0.7910654772047457,0.001549623242141993,49.55308641975309,0.3964328059952382
