model,rmse_mean,rmse_std,mae_mean,mae_std,mse_mean,mse_std,smape_mean,smape_std,directional_accuracy_mean,directional_accuracy_std
Autoformer,22.596964945689695,0.34107226734239654,15.883631572037737,0.3166459203548343,510.7391550482791,15.357253697744813,0.2450214595138296,0.004804851776833596,50.27654320987654,0.19357142837056177
DLinear,18.627652558137196,0.45113564105163717,12.926345199083642,0.5824392539724328,347.1929631933023,16.897116632660058,0.19900023326718255,0.008948450856200304,50.125925925925934,0.859195399925872
iTransformer,17.377938413570632,0.021551226162545064,11.239058425119994,0.030181075007498198,301.9932079612029,0.7487792155399223,0.1733085238212511,0.0004787120368603586,50.38765432098766,0.5143512730899479
LSTM,304.897511190786,9.054302439861635,283.47191041923793,9.212264273040319,93044.47272300797,5517.103783156735,4.374072415354227,0.14718411598712391,50.80493827160493,0.3282372218841257
ModernTCN,16.955287855279938,0.100376833044525,10.814969492580346,0.12002266443777612,287.4918617640154,3.4060802243119466,0.1667893499843923,0.0018760131736699594,50.29876543209877,1.1068285093837136
N-HiTS,19.466239317210082,1.3140964897327947,13.649540875704394,1.5246657607670917,380.66132273922364,49.940086982148685,0.2090663355745068,0.02298437030393387,51.7283950617284,0.9777278949739893
PatchTST,17.107934465373273,0.11353971807280226,10.97171503943307,0.10997489109679706,292.6943129390867,3.893533148387507,0.16919573890566272,0.0017246128053214718,50.51604938271604,0.5885769290434518
TimesNet,31.82533793615445,0.04912150288006804,23.568144893083485,0.036786535874089914,1012.8545476724767,3.1250007339103836,0.3628722241662235,0.000574765304332005,50.34567901234568,1.9554557899479819
TimeXer,17.66619883097353,0.029308994486252345,11.464141240998451,0.022664396509692816,312.09544015264834,1.035039124661034,0.17677193880400852,0.0003493284835517097,51.03703703703704,0.2799830160111251
