model,rmse_mean,rmse_std,mae_mean,mae_std,mse_mean,mse_std,smape_mean,smape_std,directional_accuracy_mean,directional_accuracy_std
Autoformer,0.004383464074981789,2.7736890636483326e-05,0.0034761004237518125,2.0040561246337933e-05,1.9215526631758135e-05,2.432111631599099e-07,0.5262865395295275,0.003046657002834391,50.41578099838969,0.8951367392746902
DLinear,0.002562806295042261,4.0781366571144846e-05,0.001944613390396949,4.403581460762273e-05,6.56963922576765e-06,2.0789674328993098e-07,0.29447976677868054,0.006697989710216596,50.195491143317234,0.13127144638160795
iTransformer,0.0023715330779370877,1.149545626670623e-05,0.0017615838197962898,1.5058353637873903e-05,5.624301285264538e-06,5.450295324222038e-08,0.26684152473184414,0.0023194903483665335,49.91819645732689,0.10021434808132251
LSTM,0.0023975887950680617,7.52251570520523e-06,0.001783783206537817,1.638211198771414e-05,5.748488618478456e-06,3.6110608006887846e-08,0.27025530289076904,0.002526922975291596,50.038325281803544,0.10220357060032638
ModernTCN,0.0023712651408962352,3.187843655043331e-05,0.001746417007604653,3.142961442608204e-05,5.623914603146542e-06,1.5187116656059983e-07,0.2645018963758912,0.004698976617077504,50.04895330112722,0.02372347421668858
N-HiTS,0.002579286007368139,0.0002066670957582123,0.0019418018348289889,0.0001891717485379571,6.695427596274211e-06,1.0932666078487508e-06,0.2940511718532798,0.028585463081994705,50.028985507246375,0.19905726610137253
PatchTST,0.0023778406466821917,1.2969473606394873e-05,0.0017547500127429042,1.8794608833886792e-05,5.654294348259611e-06,6.156212054256178e-08,0.26582898926185106,0.0028348652063991285,49.91755233494364,0.09610275737865528
TimesNet,0.00434717510753703,3.460333995119318e-06,0.0034489891442954,1.9681098771389583e-06,1.889794338950094e-05,3.0079217052232446e-08,0.5221328985551656,0.0002949265259639631,49.65636070853461,0.22268569372717192
TimeXer,0.0024798070583625614,1.3041877777552874e-05,0.0018660171310526854,1.0397470515607577e-05,6.149613137280746e-06,6.456430391905332e-08,0.28256349880260423,0.0015505717773058316,50.08212560386473,0.07378927256047275
