model,rmse_mean,rmse_std,mae_mean,mae_std,mse_mean,mse_std,smape_mean,smape_std,directional_accuracy_mean,directional_accuracy_std
Autoformer,0.007520270231317288,1.6197077123222371e-06,0.00596658352492415,1.5293865671395667e-06,5.655446697549006e-05,2.4361512400684393e-08,0.4436025558405683,0.00011979341729177207,49.657326892109495,0.5059410139264193
DLinear,0.004122388302741942,6.806649015318449e-05,0.0030219145802528303,5.805868699321016e-05,1.6998718365665366e-05,5.61482741062221e-07,0.22477958236051898,0.004342139600278267,50.114653784219,0.06745932804939085
iTransformer,0.0040121032532671914,1.0128330921211383e-05,0.0029008469037819936,1.0901450545525804e-05,1.6097075097964436e-05,8.125451848419658e-08,0.21571641853298476,0.0008137880155752063,50.04283413848631,0.0405669279257723
LSTM,0.004033478694387596,2.548603691898731e-05,0.002926008251689984,2.6344369731573297e-05,1.62695999161565e-05,2.0516614161386802e-07,0.21761008501914458,0.001935427173196561,49.943961352657006,0.04550987886030569
ModernTCN,0.003947871941354048,4.1435754336971385e-05,0.0028482603507537074,4.462670987497151e-05,1.5587409787068057e-05,3.2835757132330235e-07,0.21181744403228675,0.003315653920092499,50.04122383252818,0.07419020512293335
N-HiTS,0.00399348655992682,5.559336967236759e-05,0.0028867241145078635,5.125046211374342e-05,1.5951025527067676e-05,4.4614481741984173e-07,0.21469846437690107,0.0038061296327190006,49.962640901771344,0.062418416911074845
PatchTST,0.003947944801732572,1.9571855482521607e-05,0.002858551218750056,1.8250904492422048e-05,1.5586651215054266e-05,1.5464488354785728e-07,0.2125802604230768,0.0013577919276618882,50.02222222222222,0.038038685381697405
TimesNet,0.007531860768526924,4.2807104515733145e-06,0.005976352362909312,2.692407814687869e-06,5.672894496095695e-05,6.449506423090739e-08,0.4443859718802076,0.00020032897317586595,49.9549114331723,0.05719465832493669
TimeXer,0.004115420733790284,1.3847361698443049e-05,0.0030116633961418237,1.403432093545831e-05,1.6936879565536966e-05,1.1396065229659483e-07,0.22396505593209937,0.0010521196375772688,50.02028985507246,0.06940848330252893
