horizon,best_model,rmse
4,ModernTCN,10.170301266366303
24,ModernTCN,23.187919981449365
