model,rmse_mean,rmse_std,mae_mean,mae_std,mse_mean,mse_std,smape_mean,smape_std,directional_accuracy_mean,directional_accuracy_std
Autoformer,1.1227854518352673,0.00039529901559327894,0.8546281685585196,0.0002163107617033518,1.2606473271142369,0.0008877700602099422,0.5677303281803856,0.00015156180234549588,49.600322061191626,1.492055730284883
DLinear,0.7153478972780444,0.01987582426257656,0.5345795727105007,0.024921834118060107,0.5121176625302364,0.02869203519535356,0.3555398880249662,0.016513674234994058,50.02576489533012,0.12973350775325215
iTransformer,0.6269078670455857,0.0007740966301515564,0.436779123866691,0.00044909565135960465,0.3930140729892384,0.0009706687626774645,0.29073825984103374,0.00028170821076688667,49.8975845410628,0.05655269807405557
LSTM,17.63022948357772,0.4849400103691694,17.28618100097122,0.4746677336948066,311.06015845726995,16.938968113067094,12.12781313335171,0.3538013181115073,49.9890499194847,0.07575492652103695
ModernTCN,0.6081999040114483,0.002608301333400304,0.41743170473089725,0.0015493355782355553,0.3699139264753808,0.003171292044400538,0.27791443170539826,0.001033669231359065,49.97520128824477,0.039367946472102795
N-HiTS,0.9831193708252391,0.14838739921142563,0.7859122931287423,0.14867411607530295,0.9885425175365447,0.30543145065626526,0.5190193868589346,0.09642578341521045,50.059903381642506,0.10640309099853784
PatchTST,0.6136478279578309,0.0051992634610648365,0.4235835830315482,0.005965546710104203,0.37659068909790117,0.006399856979196761,0.28201944579211763,0.003936951720279142,50.01191626409018,0.0819239100750799
TimesNet,1.1302362621125235,0.00029851187540161356,0.8598319660556856,0.00023551730880126296,1.2774340973034282,0.0006747637827296177,0.5712787636845168,0.00016093583762358854,49.93913043478261,0.09915824240437765
TimeXer,0.6407594729745131,0.002503708200369755,0.4491586960927754,0.0028820936528588708,0.4105789707613285,0.0032125382464299403,0.2987211221983594,0.001912921452445262,50.073107890499195,0.031061795996596274
