model,da,z_statistic,p_value,p_value_holm,significant
TimesNet,0.5214074074074074,2.872105091099733,0.002038736731560742,0.018348630584046677,True
TimeXer,0.508,1.0733126291999,0.14156543533117316,1.0,False
PatchTST,0.5068888888888889,0.9242414306999206,0.17768031459491884,1.0,False
Autoformer,0.5008148148148148,0.10931887889999092,0.45647478656842033,1.0,False
iTransformer,0.49960493827160496,-0.05300309279999221,0.5211352782593215,1.0,False
N-HiTS,0.4987901234567901,-0.16232197169999057,0.5644738433950158,1.0,False
ModernTCN,0.49760493827160496,-0.3213312500999672,0.6260203115389287,1.0,False
DLinear,0.4956049382716049,-0.5896594073999497,0.7222904926414659,1.0,False
LSTM,0.4917530864197531,-1.1064395621998906,0.8657318451276688,1.0,False
