friedman_statistic,friedman_p,ff_statistic,ff_p,n_models,n_observations
23.46666666666667,0.0028140269255395116,88.00000000000033,9.242606680004428e-12,9,3
