statistic,p_value
23.46666666666667,0.0028140269255395116
