icc,n_models,n_seeds,f_statistic,f_p_value
0.9666481783713359,9,3,87.95010927444088,9.283462887310634e-12
