factor,variance_explained
Model,0.9774570997091574
Seed,0.00031536452601263275
Residual,0.02222753576483
