model,rmse_mean,rmse_std,mae_mean,mae_std,mse_mean,mse_std,smape_mean,smape_std,directional_accuracy_mean,directional_accuracy_std
Autoformer,40.150524561479024,0.20174379685547644,27.698594775702233,0.2539211755617792,1612.1053231215003,16.172456228583187,2.9230353521894883,0.02852208636624959,50.076972624798714,0.10011804536091405
DLinear,23.674233823700188,0.3063268174853738,14.785272254358103,0.21689176135703117,560.5631832583409,14.562412426832227,1.5573406853895524,0.021959617417791507,49.773268921095,0.034588232453032414
iTransformer,23.74448244717632,0.16204801534061358,14.900637605315188,0.10004291550436498,563.8267062435402,7.710968047542502,1.5678967723011077,0.010036841089422516,49.55587761674718,0.06696859600874418
LSTM,80.89707743953257,3.2317502454903977,65.60165709084447,3.1405706902061397,6554.7813479069555,528.2126362370501,6.92323615156831,0.35263266091659523,49.902415458937206,0.17100266523871577
ModernTCN,23.187919981449365,0.13390093353916566,14.313258068333397,0.05805193725596678,537.6975625261013,6.217799643310216,1.5074054909827515,0.006696760732059715,49.88888888888889,0.05681619489077906
N-HiTS,24.06681759034984,0.6072541357913352,15.76583275504982,0.8234021381144776,579.5804665126083,29.243353529010268,1.6617961090950562,0.0865988634475064,49.980998389694044,0.2717494242697462
PatchTST,23.487301720470455,0.1783617570323386,14.605006432328594,0.17011936375618839,551.6851550247861,8.398853119246743,1.537401523171621,0.017909524865293704,49.45829307568439,0.14298718986601425
TimesNet,27.48294361861441,1.5505044642985684,17.89681936532249,1.1452790829363126,757.7162540377482,85.82205769131899,1.88766943068562,0.12050691923501494,49.98035426731079,0.029897965772045086
TimeXer,23.625592099959505,0.14436147346419514,14.792243404220393,0.055060985684272215,558.1894423086898,6.831629595227795,1.558220524523714,0.005052451116807885,49.6280193236715,0.08784658097897374
