model,rmse_mean,rmse_std,mae_mean,mae_std,mse_mean,mse_std,smape_mean,smape_std,directional_accuracy_mean,directional_accuracy_std
Autoformer,300.3316559945922,0.8199984215899108,230.6203793876283,0.8664406892737903,90199.77598986549,492.0682094174337,0.9631617745345024,0.0037179680947969865,49.5938808373591,0.4951300928577357
DLinear,211.282165498456,12.55603339228441,161.4941756262504,12.016350848983699,44797.807432265115,5392.642573903031,0.6753881785555499,0.05116557821070837,49.83800322061192,0.35537201498597426
iTransformer,181.13173787627764,0.6196401592486422,127.36919613225531,0.34322951513450134,32809.09042000751,224.5649213490769,0.5327230767289836,0.0012905844416560835,50.46537842190016,0.28917185537815365
LSTM,1515.8159453810458,36.00452306740576,1414.1050107177286,32.17203631836662,2298994.3059527455,109391.21717957713,5.979539595807516,0.1394855074393315,49.47890499194847,0.89193636157991
ModernTCN,179.01117632258865,0.1550713678886673,122.93849906247863,0.28177626653116483,32045.025295526066,55.51786938091823,0.5137465721070343,0.0012900796386372262,49.98615136876006,0.07268600739089862
N-HiTS,185.11218733635863,5.163763425290268,133.01405167904105,6.437560725636524,34293.1863531635,1929.9173663015517,0.5556438945721892,0.02723903740876516,49.57133655394525,0.5006486544235755
PatchTST,180.8501421769522,0.3416687436364855,125.56631723422197,0.4288401629207925,32706.890662954207,123.61044351740819,0.5247425202857846,0.0019784902248842356,50.19967793880838,0.14551108140642502
TimesNet,307.2639202925614,0.13888269145513835,241.5268743838088,0.16855059859371602,94411.13600195553,85.3527654081723,1.0113053992657008,0.0007465948090279654,51.025120772946856,0.612142682070675
TimeXer,181.81923777748605,0.9111585865863938,126.61601921282767,0.8302211428399504,33059.065435955934,331.85126916810054,0.5292237450506038,0.0035403882897442627,50.32141706924316,0.19696299853571891
