stouffer_z,stouffer_p,n_assets
2.389561746555763,0.00843424403966242,1
