horizon,best_model,rmse
4,ModernTCN,0.0015243851273724553
24,ModernTCN,0.0033761143619227773
