model,da,z_statistic,p_value,p_value_holm,significant
TimeXer,0.5061481481481481,0.8248606316999193,0.20472535962062277,1.0,False
N-HiTS,0.5054567901234568,0.7321052192999311,0.23205217420183966,1.0,False
PatchTST,0.5045925925925926,0.6161609537999421,0.26889414798412425,1.0,False
TimesNet,0.5039506172839506,0.5300309279999519,0.2980452437434834,1.0,False
ModernTCN,0.5034814814814815,0.46708975529996255,0.3202178317464942,1.0,False
LSTM,0.4975308641975309,-0.3312693299999644,0.6297794721211977,1.0,False
Autoformer,0.49664197530864196,-0.4505262887999599,0.6738344985393107,1.0,False
DLinear,0.4944444444444445,-0.7453559924999198,0.771971729874869,1.0,False
iTransformer,0.49372839506172833,-0.8414240981999295,0.7999448050240923,1.0,False
