friedman_statistic,friedman_p,ff_statistic,ff_p,n_models,n_observations
22.933333333333337,0.0034509012924132674,43.00000000000016,2.226051232234738e-09,9,3
