icc,n_models,n_seeds,f_statistic,f_p_value
0.9863764399995318,9,3,218.20675945912123,7.438494264988549e-15
