factor,variance_explained
Model,0.9907848863163795
Seed,0.0001339569974363202
Residual,0.009081156686184168
