horizon,best_model,rmse
4,ModernTCN,112.52835173820297
24,ModernTCN,249.4968885809426
