model,da,z_statistic,p_value,p_value_holm,significant
N-HiTS,0.5172839506172839,2.3188853099997804,0.010200627927668182,0.09180565134901364,False
TimeXer,0.5103703703703704,1.3913311859998683,0.08206251057774616,0.6565000846219693,False
LSTM,0.5080493827160493,1.0799380157998832,0.14008489154973358,0.9805942408481351,False
PatchTST,0.5051604938271604,0.6923528996999276,0.24435786843394358,1.0,False
iTransformer,0.5038765432098766,0.5200928480999623,0.30149943146045044,1.0,False
TimesNet,0.5034567901234568,0.46377706199995605,0.3214037395070457,1.0,False
ModernTCN,0.5029876543209877,0.4008358892999667,0.3442704768128765,1.0,False
Autoformer,0.5027654320987655,0.37102164959996786,0.3553107033531385,1.0,False
DLinear,0.5012592592592593,0.1689473582999887,0.43291902401794724,1.0,False
