friedman_statistic,friedman_p,ff_statistic,ff_p,n_models,n_observations
23.28888888888889,0.003012486399370534,65.50000000000024,9.047551596808034e-11,9,3
