icc,n_models,n_seeds,f_statistic,f_p_value
0.9985229168610138,9,3,2029.0298864146382,1.1102230246251565e-16
