factor,variance_explained
Model,0.9988375549579053
Seed,0.00017789812965575075
Residual,0.000984546912438947
