model,da,z_statistic,p_value,p_value_holm,significant
Autoformer,0.5012345679012347,0.16563466499999707,0.4342222326804426,1.0,False
TimesNet,0.5000987654320987,0.013250773199996192,0.49471386101564574,1.0,False
N-HiTS,0.4991851851851852,-0.10931887889999092,0.5435252134315797,1.0,False
ModernTCN,0.4987654320987654,-0.16563466499998963,0.5657777673195545,1.0,False
LSTM,0.49807407407407406,-0.2583900773999779,0.6019470631270322,1.0,False
PatchTST,0.4969629629629629,-0.4074612758999723,0.658165385004504,1.0,False
DLinear,0.49617283950617286,-0.5134674614999493,0.6961878169338498,1.0,False
iTransformer,0.4958271604938272,-0.5598451676999433,0.7122074739579862,1.0,False
TimeXer,0.49553086419753095,-0.5995974872999319,0.7256127389212432,1.0,False
