friedman_statistic,friedman_p,ff_statistic,ff_p,n_models,n_observations
21.866666666666674,0.005168947971591111,20.50000000000008,5.025110145773226e-07,9,3
