icc,n_models,n_seeds,f_statistic,f_p_value
0.9786163768419703,9,3,138.2942793103555,2.708944180085382e-13
