factor,variance_explained
Model,0.9849756494721993
Seed,0.0007797172084172901
Residual,0.014244633319383413
