model,rmse_mean,rmse_std,mae_mean,mae_std,mse_mean,mse_std,smape_mean,smape_std,directional_accuracy_mean,directional_accuracy_std
Autoformer,160.68050067047096,3.337439872265691,117.14521206315597,2.8778331357652633,25829.36180061421,1070.9879425212757,0.2554647393972057,0.006248868057913135,49.66419753086419,0.031036555777721173
DLinear,121.33583233126443,3.399198892704608,82.73792937928906,4.633032488641947,14733.938760632876,817.2551792794269,0.1804557304836464,0.009999304474292424,49.44444444444445,0.7124473043027942
iTransformer,115.15438215714691,0.1100583776430983,75.14657715437608,0.16189685093561604,13260.543842840729,25.35486876589195,0.16403099060282164,0.00037281200891944757,49.37283950617283,0.32056952823936036
LSTM,1261.6502108161205,86.58576252843582,1134.2232150722211,86.91862497357097,1599258.3487249922,223531.20753516458,2.454693601502185,0.192776159758253,49.75308641975309,0.6983770678385652
ModernTCN,112.52835173820297,0.19458758130544637,72.70683159664071,0.18349533918419433,12662.667809243525,43.769430026784654,0.15877224052108832,0.0003982954534626685,50.34814814814815,0.656214358232596
N-HiTS,160.2303775189304,33.638398086249744,116.74842730587511,29.493530882002574,26805.315705667963,11019.42399365304,0.2519245464693675,0.06137304289415444,50.54567901234568,1.3040169844318068
PatchTST,113.03718535569298,0.44391037969583114,73.71495956189342,0.6485852600913005,12777.602329562493,100.41631803788113,0.16092803804335146,0.0013958099398518572,50.45925925925926,0.8571067120647711
TimesNet,160.28101968183654,43.81843243223204,114.23809479447249,37.28139131774595,27610.06029106736,15403.106366675858,0.24910691180006003,0.0810147616632985,50.39506172839506,0.8145304404620259
TimeXer,118.40852913706954,0.14951475638755915,77.98540189035553,0.6039888821105187,14020.602127066624,35.416989495762,0.1701797333617008,0.0012958950127635689,50.614814814814814,0.03777051491550477
