model,rmse_mean,mae_mean
Autoformer,532.213737202147,393.8256477556205
DLinear,323.4843113662212,220.86789760440016
LSTM,2398.9371138759857,2041.579286621392
ModernTCN,314.6590450324041,211.14318503856595
N-HiTS,352.91052526179055,255.767513286853
PatchTST,314.8713290234674,211.70013831076858
TimeXer,318.37818950440374,215.2354345688824
TimesNet,352.9168208332005,249.40691031422753
iTransformer,320.83196435066367,217.9851622296663
