friedman_statistic,friedman_p,ff_statistic,ff_p,n_models,n_observations
49.23333333333335,5.7354364122444676e-08,23.3386004514673,3.1086244689504383e-15,9,8
