model,rmse_mean,rmse_std,mae_mean,mae_std,mse_mean,mse_std,smape_mean,smape_std,directional_accuracy_mean,directional_accuracy_std
Autoformer,0.0028399556005717294,4.0849011993711086e-05,0.0020957575576482715,3.3960355671220184e-05,8.067016454999594e-06,2.308558674608357e-07,0.1799796272225838,0.0029184086739496265,49.641975308641975,0.10654542721181061
DLinear,0.0015883612524345229,1.0386115178859353e-05,0.001081260122836599,6.840335385327226e-06,2.522999339623875e-06,3.303229844296185e-08,0.0928389179353958,0.0005842442761900189,50.14567901234568,0.24880755088712114
iTransformer,0.0015610071941517256,4.216814646026979e-06,0.0010589328325748802,3.068538342346222e-06,2.436761241719202e-06,1.31774855390737e-08,0.09091703689992202,0.00026196624096841865,50.06172839506173,0.3012750428181685
LSTM,0.001794549080457921,6.828493581303097e-05,0.0012859147991099245,7.530668633502257e-05,3.22506923463136e-06,2.4514498279718326e-07,0.11044468764692954,0.0065105931567660535,49.84938271604938,0.2003502496306243
ModernTCN,0.0015243851273724553,7.146342104948059e-06,0.0010274378397090286,7.219964087498483e-06,2.3238010867598186e-06,2.1761654370610163e-08,0.08821096692565183,0.0006197067632546244,49.92345679012346,0.3161458186206276
N-HiTS,0.0017037670575908621,0.0002523485301884734,0.0011659412631442555,0.00019635713122040236,2.9665019672201065e-06,9.048732696199946e-07,0.10011363865769253,0.016867059758984084,49.98765432098765,0.034918853391929267
PatchTST,0.0015311996749303811,6.921202183131891e-06,0.001034416493494341,7.158168733927165e-06,2.3446203475465643e-06,2.1218590213262377e-08,0.08880849253901002,0.0006142132497975601,49.65432098765432,0.549492290362762
TimesNet,0.0029814943085095763,2.712801702134882e-06,0.0022067996257143963,1.1161477299525532e-06,8.889315670968071e-06,1.617144252810512e-08,0.18951986813631028,9.629194365248535e-05,50.04197530864197,0.006983770678384513
TimeXer,0.0016090923254010172,4.723726402105362e-06,0.0010903926999590926,3.957098487871993e-06,2.589200425255575e-06,1.51887295838726e-08,0.09361971531116066,0.0003410695287040535,49.87160493827161,0.2209290218100514
