model,rmse_mean,rmse_std,mae_mean,mae_std,mse_mean,mse_std,smape_mean,smape_std,directional_accuracy_mean,directional_accuracy_std
Autoformer,0.006256307344164764,4.177624906745149e-06,0.004877099125407284,2.027257376321543e-06,3.9141399037199825e-05,5.228094847473587e-08,0.418619268350394,0.0001823912992860126,50.776811594202904,0.2905830900276343
DLinear,0.0034692090928858054,2.07221996770353e-05,0.0024840851446850574,2.4501442926301333e-05,1.203584113972101e-05,1.4403610864588653e-07,0.21338156331290847,0.0020895086922005854,50.12914653784219,0.0674501020009705
iTransformer,0.0034467392434800372,1.8865947076288165e-05,0.0024366387520649625,1.762802051333552e-05,1.1880367336504423e-05,1.3030265567422464e-07,0.20931401475614042,0.00152114108546665,50.1024154589372,0.04366038078336232
LSTM,0.003637100610604658,0.00017412382784728694,0.002615223055219043,0.00017229041257665005,1.3258819959084965e-05,1.2876869360619368e-06,0.22475041878704172,0.014868882349760037,49.81900161030595,0.044530710463684585
ModernTCN,0.0033761143619227773,1.3549221104446526e-05,0.0023863504500640912,9.79151316424288e-06,1.1398331766173775e-05,9.136936203639047e-08,0.20497833287093478,0.0008463688709292067,50.073752012882444,0.087698865083349
N-HiTS,0.003533028208149715,0.00022685480661966496,0.0025226614670064377,0.00019653060314231885,1.253375142286803e-05,1.6392401836186361e-06,0.21668430892848137,0.016867249606043428,50.05281803542673,0.022990748209433986
PatchTST,0.0034425767001869507,6.365646926549517e-06,0.00245171537066563,1.302765601743915e-05,1.1851374858130865e-05,4.3844867878249043e-08,0.21058515071101366,0.001112331559807578,49.97713365539452,0.13085120699663272
TimesNet,0.00626973496549332,1.0013637535570529e-06,0.004882684222824098,8.567320914576615e-07,3.930957754025888e-05,1.2556798643955977e-08,0.41913633759598196,7.506770578945831e-05,49.96489533011272,0.011081900505044212
TimeXer,0.0034871240228250533,2.321718880245843e-06,0.0024909395740975223,4.4579454740438625e-06,1.2160039340942139e-05,1.6191451602141926e-08,0.2139561280036273,0.0003766603949849309,50.16199677938808,0.025688291919623078
