horizon,best_model,rmse
4,N-HiTS,0.009085982182271237
24,PatchTST,0.020382109937899195
