model,da,z_statistic,p_value,p_value_holm,significant
N-HiTS,0.5050370370370371,0.6757894331999398,0.24958717227925353,1.0,False
LSTM,0.5019012345679013,0.2550773840999788,0.3993316656989313,1.0,False
PatchTST,0.5013086419753087,0.17557274489998678,0.430314808059452,1.0,False
Autoformer,0.5009876543209877,0.13250773199999172,0.4472913538509877,1.0,False
TimesNet,0.49920987654320986,-0.10600618559999188,0.5422112777783095,1.0,False
TimeXer,0.49874074074074065,-0.16894735829999613,0.5670809759820556,1.0,False
ModernTCN,0.4975802469135802,-0.3246439433999737,0.6272747174812062,1.0,False
iTransformer,0.49711111111111106,-0.38758511609997054,0.6508384573957102,1.0,False
DLinear,0.4935061728395061,-0.8712383378999283,0.8081879845384681,1.0,False
