statistic,p_value
22.22222222222223,0.004520414789548277
