friedman_statistic,friedman_p,ff_statistic,ff_p,n_models,n_observations
22.22222222222223,0.004520414789548277,25.000000000000096,1.219421230658213e-07,9,3
