icc,n_models,n_seeds,f_statistic,f_p_value
0.9957002519618443,9,3,695.7153017754131,1.1102230246251565e-16
