factor,variance_explained
Model,0.9963728605961579
Seed,0.0007628273553552529
Residual,0.002864312048486805
