model,da,z_statistic,p_value,p_value_holm,significant
Autoformer,0.5077681159420291,1.0422021182086112,0.14865899060430143,1.0,False
TimeXer,0.5016199677938808,0.2173414865086769,0.41397111407778553,1.0,False
DLinear,0.5012914653784218,0.1732682626043236,0.43122028456066164,1.0,False
iTransformer,0.501024154589372,0.13740475687824988,0.445355435633655,1.0,False
ModernTCN,0.5007375201288244,0.09894870856955135,0.4605894973941902,1.0,False
N-HiTS,0.5005281803542673,0.0708628305912924,0.4717534629336424,1.0,False
PatchTST,0.4997713365539452,-0.03067842056087629,0.5122369995206302,1.0,False
TimesNet,0.4996489533011272,-0.04709785691739072,0.5187823823118984,1.0,False
LSTM,0.4981900161030595,-0.2428348219043334,0.595933320586149,1.0,False
