statistic,p_value
19.200000000000003,0.01382587335229693
