friedman_statistic,friedman_p,ff_statistic,ff_p,n_models,n_observations
19.200000000000003,0.01382587335229693,8.000000000000005,0.00023521280000005085,9,3
