icc,n_models,n_seeds,f_statistic,f_p_value
0.9903715469057669,9,3,309.57652954625166,4.440892098500626e-16
