factor,variance_explained
Model,0.9931740241137671
Seed,0.00040963660127868386
Residual,0.00641633928495424
