model,rmse_mean,rmse_std,mae_mean,mae_std,mse_mean,mse_std,smape_mean,smape_std,directional_accuracy_mean,directional_accuracy_std
Autoformer,125.62517021807355,17.767135384280824,88.39326416169608,15.028871668410494,16097.354492083314,4686.373959818294,0.369909608824229,0.06250206574010242,49.992592592592594,0.16307515778724316
DLinear,91.40412312632475,0.4281391919944643,62.27714097306556,0.8240007668770561,8354.897027660058,78.39585303594694,0.26047251239594754,0.0034266171697464216,50.965432098765426,0.23426881517294942
iTransformer,86.1571327398418,0.2897563277475202,54.96482671587509,0.264853824616136,7423.135480680187,49.96469728942779,0.23005760930149202,0.0012057288841371538,50.10864197530864,0.2517307866850916
LSTM,1156.7690658556448,78.36699676904625,1068.2910063306654,81.45458031716608,1344256.057903141,182924.58952534656,4.47116820853931,0.3550157552986773,48.75308641975309,2.03822038206494
ModernTCN,84.03131904873743,0.01065158276875541,53.09008829505081,0.24884776726892893,7061.2626945269185,1.7901678256021718,0.22222728413427625,0.000985698557392789,50.94814814814814,0.7336948853085586
N-HiTS,93.87786627514397,9.020849350188955,61.34379206339539,4.562276702790736,8894.42949937262,1747.4612635195983,0.25610397288118764,0.01901963062679773,50.34814814814815,1.1445503167298001
PatchTST,84.34546975222915,0.2616432247545499,53.2295675260234,0.3166031255985405,7114.226724901263,44.15042125952104,0.22280792758851276,0.0013532418158493584,50.57037037037037,0.14974448592647843
TimesNet,159.7548591143782,0.0850701944599948,117.38363937449952,0.08509731838538331,25521.62224759282,27.17566828644059,0.49032707025042366,0.00036790378387687865,50.41728395061728,1.1802572446471735
TimeXer,87.56929020082252,0.22405342603801248,56.1920758014953,0.2941542676654057,7668.430786213589,39.21710013165023,0.23521923096561936,0.0012896486851946992,52.13827160493827,0.5850862030159399
