model,rmse_mean,rmse_std,mae_mean,mae_std,mse_mean,mse_std,smape_mean,smape_std,directional_accuracy_mean,directional_accuracy_std
Autoformer,2669.9521634207626,121.25698180674333,2011.1039001087138,107.80499180562903,7143347.810592093,648419.285120336,2.044184423383275,0.1038657707997848,50.13236714975846,0.13974858207556984
DLinear,1644.1281140414387,11.91273057875042,1125.995051457039,14.00794872588601,2703299.1685313,39203.321434588834,1.1492314108836255,0.013652016191214235,50.05861513687601,0.07320217802036655
iTransformer,1651.257125128168,10.8945304695377,1135.664985310071,11.407742343669959,2726768.784080694,35897.038819716676,1.1600900295371759,0.01185830863579421,50.196135265700484,0.1101985913287154
LSTM,10878.690479583775,286.4585971941605,9376.677904609043,255.13954373378905,118427965.07849307,6238374.504045591,9.231053569107841,0.2661289939904131,50.00225442834139,0.02462452155054747
ModernTCN,1617.3744229340703,5.217903888973747,1094.6861950752173,2.9350661877960773,2615927.250482311,16890.056127741747,1.1178722766081501,0.0029970270409348846,49.98518518518518,0.03208673525139418
N-HiTS,1724.4619371798142,30.472347064359866,1264.7462252843347,40.0595454226814,2974697.5367175676,104935.22489621011,1.273212388222204,0.03685435343538655,50.01320450885669,0.05680706617803628
PatchTST,1619.146823554512,5.469876903865527,1099.6855372488305,7.194296391117547,2621666.35578001,17693.590432106328,1.1232400020954356,0.0074647447331845475,50.02930756843801,0.053975764676678195
TimesNet,1840.4470076575665,60.50374123710036,1328.596076203447,52.35478118358531,3390905.890699377,224825.62242185764,1.3528742188662124,0.052982040630945894,50.063123993558776,0.060350176960681394
TimeXer,1624.9489755057702,6.172895140809598,1105.8540523557515,8.295162707364593,2640497.2776316716,20086.483644367974,1.1304382693434014,0.008740987036693026,50.08019323671497,0.003944427927190726
