model,da,z_statistic,p_value,p_value_holm,significant
TimesNet,0.5124412238325282,1.669165332769413,0.04754230921561109,0.4278807829404998,False
iTransformer,0.5073977455716586,0.9925117187086031,0.16047398289380055,1.0,False
LSTM,0.5041932367149758,0.562581740426034,0.2868598643161181,1.0,False
ModernTCN,0.4995233494363929,-0.06394938370434013,0.5254947348951624,1.0,False
PatchTST,0.49874074074074065,-0.16894735829999613,0.5670809759820556,1.0,False
TimeXer,0.49822544283413855,-0.23808182716953372,0.5940911853248798,1.0,False
DLinear,0.49796779388083734,-0.27264906160432484,0.607438502764004,1.0,False
N-HiTS,0.49688566827697267,-0.4178314462303895,0.6619648212021991,1.0,False
Autoformer,0.49513365539452503,-0.6528886403868858,0.7430859635864242,1.0,False
