statistic,p_value
19.37777777777778,0.012964756438853768
