friedman_statistic,friedman_p,ff_statistic,ff_p,n_models,n_observations
19.37777777777778,0.012964756438853768,8.38461538461539,0.00017809922883749163,9,3
