icc,n_models,n_seeds,f_statistic,f_p_value
0.9598458018959614,9,3,72.71198882435837,4.047939761164798e-11
