factor,variance_explained
Model,0.9712312419631152
Seed,0.0020542847384244977
Residual,0.02671447329846029
