model,da,z_statistic,p_value,p_value_holm,significant
TimeXer,0.5056650563607085,0.7600470671347018,0.22361322562141706,1.0,False
iTransformer,0.503487922705314,0.46795393616081765,0.31990876564307147,1.0,False
N-HiTS,0.5022318840579709,0.2994386682912639,0.3823026809008697,1.0,False
PatchTST,0.5018582930756844,0.24931617836085068,0.4015581089245266,1.0,False
LSTM,0.5013172302737521,0.17672498604781836,0.42986220687470034,1.0,False
ModernTCN,0.5011723027375201,0.15728091667824415,0.43751172967770957,1.0,False
Autoformer,0.4995265700483092,-0.06351729327390515,0.525322705496291,1.0,False
DLinear,0.49923027375201284,-0.10326961287390862,0.5411255039693654,1.0,False
TimesNet,0.49686312399355875,-0.4208560792434418,0.6630699106976998,1.0,False
