icc,n_models,n_seeds,f_statistic,f_p_value
0.9986711502041014,9,3,2255.591496991725,1.1102230246251565e-16
