factor,variance_explained
Model,0.9989798972200422
Seed,0.0001343219117891089
Residual,0.0008857808681686814
