model,da,z_statistic,p_value,p_value_holm,significant
Autoformer,0.5013236714975846,0.1775891669086883,0.42952281643017265,1.0,False
LSTM,0.5012367149758453,0.16592272528692892,0.4341088815938131,1.0,False
ModernTCN,0.49975523349436396,-0.03283887271303631,0.5130984605121038,1.0,False
iTransformer,0.49974879227053143,-0.03370305357390627,0.5134430280212097,1.0,False
TimesNet,0.4997455716586152,-0.0341351440043338,0.5136153080284864,1.0,False
TimeXer,0.4994299516908213,-0.07648000618693972,0.5304813899338968,1.0,False
DLinear,0.4993945249597423,-0.08123300092173942,0.5323716723551645,1.0,False
N-HiTS,0.4982737520128825,-0.23160047071301643,0.5915758290624921,1.0,False
PatchTST,0.49663768115942025,-0.4511024093738757,0.6740421293669436,1.0,False
