statistic,p_value
22.311111111111117,0.004370992685707688
