friedman_statistic,friedman_p,ff_statistic,ff_p,n_models,n_observations
22.311111111111117,0.004370992685707688,26.421052631579048,8.175564270018754e-08,9,3
