icc,n_models,n_seeds,f_statistic,f_p_value
0.9978610786934499,9,3,1400.576144719735,1.1102230246251565e-16
