factor,variance_explained
Model,0.9983313214733149
Seed,0.00024307760489737128
Residual,0.00142560092178767
