stouffer_z,stouffer_p,n_assets
4.951718775643098,3.6780429124583236e-07,1
