model,da,z_statistic,p_value,p_value_holm,significant
TimeXer,0.5007310789049919,0.09808452770868138,0.46093258668987713,1.0,False
N-HiTS,0.500599033816425,0.08036882006084711,0.46797196232573424,1.0,False
DLinear,0.5002576489533012,0.034567234434783684,0.48621241450524755,1.0,False
PatchTST,0.5001191626409018,0.015987345926094344,0.4936222434471932,1.0,False
LSTM,0.499890499194847,-0.014691074634781948,0.505860679999434,1.0,False
ModernTCN,0.4997520128824477,-0.03327096314347129,0.5132707455050378,1.0,False
TimesNet,0.49939130434782614,-0.0816650913521595,0.5325434806656704,1.0,False
iTransformer,0.498975845410628,-0.13740475687824988,0.554644564366345,1.0,False
Autoformer,0.49600322061191626,-0.536224224169515,0.7040982032134459,1.0,False
