statistic,p_value
23.28888888888889,0.003012486399370534
