icc,n_models,n_seeds,f_statistic,f_p_value
0.9986633583547002,9,3,2242.4310414458364,1.1102230246251565e-16
