factor,variance_explained
Model,0.9989787801138877
Seed,0.00013024151339931735
Residual,0.0008909783727129233
