model,rmse_mean,rmse_std,mae_mean,mae_std,mse_mean,mse_std,smape_mean,smape_std,directional_accuracy_mean,directional_accuracy_std
Autoformer,0.0033588797138561083,7.557589831706954e-05,0.0025402402689553654,6.33160441461242e-05,1.1287784648560522e-05,5.049239892896229e-07,0.18889319505613056,0.004707324894959747,50.906172839506176,0.23906029515969215
DLinear,0.001866269972748939,2.6010920107636688e-05,0.0013057956713961665,2.5113904635048442e-05,3.4836401791491703e-06,9.679073260578885e-08,0.09713142932059708,0.0018694574114719495,49.943209876543214,0.10340934119196324
iTransformer,0.0018237318563590907,1.71216981233503e-06,0.0012600828788973059,3.3854711158243803e-06,3.3260008154244407e-06,6.246559207742335e-09,0.09372741184715318,0.00024992976590726645,49.906172839506176,0.3809037136592526
LSTM,0.0025534687073124345,0.00036648685183380517,0.0020820963297705467,0.00040571786687011334,6.654515051790888e-06,1.782813869410357e-06,0.15499637460809035,0.030251991929909447,50.05925925925926,0.13831568962134388
ModernTCN,0.0017882983033495933,2.4726709115504906e-06,0.0012292509875983654,1.0793624156389942e-06,3.19801693586447e-06,8.839615799816594e-09,0.09143254235106896,8.050753892659007e-05,49.9432098765432,0.14006769978946135
N-HiTS,0.0020652129393581987,0.00031290342104049236,0.0014722118642965419,0.00026102584335380196,4.363013035791374e-06,1.354517368537832e-06,0.10947418187408216,0.01940249304995106,50.01975308641975,0.26778457948319806
PatchTST,0.0017825390640144791,3.872680068880405e-06,0.001227394351737713,4.16605832889959e-06,3.177460512388531e-06,1.3798045775191722e-08,0.09129617370209235,0.00031070848526902384,49.809876543209874,0.08211500813983275
TimesNet,0.0034770123154469305,8.885966098143402e-06,0.002636152007796239,3.356907009382902e-06,1.2089693602163122e-05,6.174134948677486e-08,0.1960295973006724,0.000248773613191756,50.12098765432099,0.0069837706783878635
TimeXer,0.001859629131941337,5.506623467748078e-06,0.0012843450072020188,5.679313692617971e-06,3.458250831266906e-06,2.0496092356849544e-08,0.09553226387068751,0.00042434288909568913,49.92098765432098,0.1541183855242197
