model,da,z_statistic,p_value,p_value_holm,significant
iTransformer,0.5019613526570048,0.26314307213475524,0.39622015332417915,1.0,False
Autoformer,0.5013236714975846,0.1775891669086883,0.42952281643017265,1.0,False
TimeXer,0.5008019323671496,0.1075905171782361,0.45716025975986374,1.0,False
TimesNet,0.5006312399355878,0.08468972436521183,0.46625403269308496,1.0,False
DLinear,0.5005861513687601,0.07864045833912207,0.46865930303456327,1.0,False
PatchTST,0.5002930756843801,0.03932022916956849,0.48431753927085675,1.0,False
N-HiTS,0.5001320450885669,0.017715707647834273,0.49293282486177314,1.0,False
LSTM,0.5000225442834139,0.0030246330130448756,0.4987933478482225,1.0,False
ModernTCN,0.4998518518518518,-0.019876159800001736,0.5079289184440947,1.0,False
