friedman_statistic,friedman_p,ff_statistic,ff_p,n_models,n_observations
22.488888888888894,0.004086333425853635,29.764705882353056,3.429130701615435e-08,9,3
