statistic,p_value
22.488888888888894,0.004086333425853635
