icc,n_models,n_seeds,f_statistic,f_p_value
0.9981842550082107,9,3,1650.2143877944463,1.1102230246251565e-16
