factor,variance_explained
Model,0.9986309520853731
Seed,0.0001587434118042996
Residual,0.0012103045028226036
