horizon,best_model,rmse
4,ModernTCN,84.03131904873743
24,ModernTCN,179.01117632258865
