model,rmse_mean,rmse_std,mae_mean,mae_std,mse_mean,mse_std,smape_mean,smape_std,directional_accuracy_mean,directional_accuracy_std
Autoformer,109.47476462024554,2.662563054941438,81.40731200220809,1.9028029136840914,11991.813330679703,578.9507255129685,0.3383559617385012,0.007800324087577283,50.098765432098766,0.3249330180820351
DLinear,68.02521335790478,0.7576807885650019,47.89602143346127,1.3041334486084828,4628.0037325658295,102.78309026327466,0.19901416773379144,0.005421786902971813,49.35061728395061,0.7766678343146558
iTransformer,66.0986467008903,0.381611815042199,45.08320901959676,0.31676093526555765,4369.176723266495,50.38007029203502,0.18732516043270442,0.0013109113343991736,49.71111111111111,0.33853283596164463
LSTM,2750.548277051002,124.22771129444715,2733.909519365657,124.369465833194,7580948.348641693,674587.6085932459,12.005417660480765,0.5785616759979215,50.190123456790126,0.5167990302005411
ModernTCN,64.89354500388498,0.24858312307500252,44.00790559499649,0.1236152175155988,4211.233976740325,32.275721671797484,0.18288365365497086,0.0005080007068581544,49.758024691358024,0.6920367039205625
N-HiTS,176.08891084156494,87.04277140245847,156.66499688715058,85.5015085666985,38583.74857478924,30406.029175432144,0.6485581904913617,0.35265421645464035,50.50370370370371,0.8324247447349256
PatchTST,65.22306170281513,0.4509315235353306,44.33957204423112,0.5188998719571336,4254.251117128147,58.89684212157834,0.18425903319736858,0.0021648941309404266,50.13086419753086,0.20919278597506286
TimesNet,70.07498433154005,0.5191630830194611,48.815129147274995,0.5214976663051175,4910.7729593723525,72.61246557459806,0.20279173873627573,0.0021587945809310644,49.92098765432099,1.1236548461970453
TimeXer,66.37243494276832,0.40620079882947585,45.210289295475356,0.38704470849903577,4405.465119320983,54.028978465294735,0.18785490605623156,0.0016159274696333347,49.874074074074066,0.514588279495061
