model,rmse_mean,rmse_std,mae_mean,mae_std,mse_mean,mse_std,smape_mean,smape_std,directional_accuracy_mean,directional_accuracy_std
Autoformer,249.54340446094056,7.617461369137315,193.45095747107834,6.089734971759387,62329.936427666886,3808.3125438584934,0.8029987105909386,0.025393706001180787,50.13236714975846,0.589354557436295
DLinear,161.9186135332782,16.80128655625305,121.34103146485215,15.62848996461195,26499.92063848444,5631.929684140327,0.504383691247422,0.06517041581019435,49.93945249597423,0.06731618220309692
iTransformer,148.95744559357286,1.5183939564711755,108.28234011152979,1.180208266346129,22190.626117969266,453.33841686888235,0.45016596522963476,0.004925908125051168,49.974879227053144,0.05458723436454229
LSTM,3315.304085918342,120.01292650117294,3297.8361932885236,120.4851104151888,11005644.284634227,797776.3817088382,14.668134882545147,0.5758373434941008,50.12367149758453,0.2527722862901401
ModernTCN,144.31117071000946,0.6596233959052308,103.89936458321505,0.7059405589926723,20826.14909471791,190.268648414073,0.4318499777278933,0.0029234410396733706,49.97552334943639,0.08722211482383199
N-HiTS,152.6252011511848,4.790208474339507,112.58125243211565,4.453094603817124,23317.39812366726,1448.3074620333384,0.4676247251199684,0.01842666044417006,49.82737520128825,0.7100699220233079
PatchTST,145.02206433803866,0.4718233128010318,104.4218216308272,0.27984856191645324,21031.621762104725,136.72069634438836,0.43408080653077663,0.0011936390297432712,49.66376811594203,0.17056538279113279
TimesNet,162.39649087791395,0.3854037146930963,121.54100795097908,0.5484985584676023,26372.768785483688,125.17723889411849,0.5052547714988949,0.002233524947283512,49.97455716586152,0.2550191879820293
TimeXer,146.2948070206139,0.886048894817584,105.92268886978631,0.7471189568458013,21402.955643842666,259.78426492548545,0.440224851552089,0.003134950004543637,49.94299516908213,0.03086751131595552
