model,da,z_statistic,p_value,p_value_holm,significant
TimeXer,0.5213827160493827,2.8687923977997265,0.0020602107466369812,0.01854189671973283,True
DLinear,0.5096543209876543,1.2952630802998735,0.09761474533878367,0.7809179627102694,False
ModernTCN,0.5094814814814814,1.2720742271998726,0.10167337367086304,0.7809179627102694,False
PatchTST,0.5057037037037037,0.7652321522999216,0.22206665855649166,1.0,False
TimesNet,0.5041728395061729,0.5598451676999509,0.2877925260420112,1.0,False
N-HiTS,0.5034814814814815,0.46708975529996255,0.3202178317464942,1.0,False
iTransformer,0.5010864197530864,0.1457585051999879,0.4420560170136626,1.0,False
Autoformer,0.49992592592592594,-0.009938079899997143,0.5039646549961985,1.0,False
LSTM,0.4875308641975309,-1.6729101164998395,0.9528275040241906,1.0,False
