friedman_statistic,friedman_p,ff_statistic,ff_p,n_models,n_observations
23.111111111111114,0.0032244833432851154,52.00000000000019,5.284178650200033e-10,9,3
