statistic,p_value
23.111111111111114,0.0032244833432851154
