icc,n_models,n_seeds,f_statistic,f_p_value
0.9910846096871441,9,3,334.49676511347207,2.220446049250313e-16
