factor,variance_explained
Model,0.9934702119728888
Seed,0.0005896994188650099
Residual,0.005940088608246248
