horizon,best_model,rmse
4,ModernTCN,0.0010886821929789031
24,ModernTCN,0.0023712651408962352
